plot_id,farmer,village,lat,lon,ndvi_current,ndvi_normal,rain_actual_mm,rain_normal_mm,cloud_cover_pct
CS-001,Farmer 1,Zone 11,19.69210264828056,75.08251296608174,0.3524284064769745,0.4872486591339111,196.1441307067871,406.08945125291746,46.0
CS-002,Farmer 2,Zone 45,20.430609064763043,75.64830837504279,0.6378862857818604,0.5133096575737,322.99307565391064,617.3769323378181,67.0
CS-003,Farmer 3,Zone 32,20.103721942936307,75.17058528941106,0.8621262311935425,0.7152354121208191,291.6405012011528,544.7859745547796,50.0
CS-004,Farmer 4,Zone 16,19.845711780398865,74.82948791886528,0.8067326545715332,0.6395242214202881,244.4230322688818,450.3168904901793,75.0
CS-005,Farmer 5,Zone 31,20.13055060865615,75.02150168554824,0.615285336971283,0.4520613253116607,261.3329860121012,504.0229491031418,58.0
CS-006,Farmer 6,Zone 44,20.42322323677119,75.58377223533265,0.8202247023582458,0.6288673281669617,305.94102743268013,600.6523533145587,83.0
CS-007,Farmer 7,Zone 39,20.341932036697536,75.50809187886465,0.7701601386070251,0.6464245915412903,299.6045575141907,597.9868668347597,50.0
CS-008,Farmer 8,Zone 38,20.2759207470273,75.37227074751766,0.7228457927703857,0.641228437423706,279.40612366609275,590.2684630645439,33.0
CS-009,Farmer 9,Zone 37,20.25307709120081,75.15063331931714,0.5607947111129761,0.5639961957931519,293.7795124016702,594.9368418479959,50.0
CS-010,Farmer 10,Zone 24,19.96509798217481,74.88849970397028,0.4622858762741089,0.460243821144104,281.3175657391548,475.1980892418573,33.0
CS-011,Farmer 11,Zone 40,20.324061733236825,75.71376892775034,0.6249261498451233,0.5442046523094177,324.85089419037104,606.5284439438954,50.0
CS-012,Farmer 12,Zone 25,20.063687997605495,75.0753297908839,0.6687195897102356,0.5629354119300842,278.68849688768387,506.59971546617646,67.0
CS-013,Farmer 13,Zone 9,19.711923495765586,74.83928491377326,0.3403134942054748,0.5408574938774109,229.7021749317646,435.9675725122293,33.0
CS-014,Farmer 14,Zone 18,19.810529265540374,75.05119795198873,0.6742845177650452,0.6231675148010254,241.64377831667665,456.48245227447865,40.0
CS-015,Farmer 15,Zone 25,20.063438331677823,75.07108630719605,0.7445095181465149,0.4487993419170379,278.68849688768387,506.59971546617646,67.0
CS-016,Farmer 16,Zone 38,20.26006266983894,75.42168941529907,0.7168187499046326,0.6169076561927795,278.8664792710915,589.0472451552127,50.0
CS-017,Farmer 17,Zone 17,19.854313058769275,74.98981111896619,0.7762753367424011,0.7585523128509521,250.95415633171797,447.465301859503,58.0
CS-018,Farmer 18,Zone 19,19.843898197545535,75.28514408867308,0.3926453292369842,0.6562435626983643,327.92495169490576,606.2235837156574,46.0
CS-019,Farmer 19,Zone 49,20.557444946465505,75.65832418260439,0.6912503838539124,0.5490370988845825,384.3123396113515,659.1545334914389,33.0
CS-020,Farmer 20,Zone 45,20.531993138342425,75.62813668029615,0.754058837890625,0.6300249099731445,359.35315691679716,646.7720148006764,33.0
CS-021,Farmer 21,Zone 14,19.693494077711662,75.58004187463071,0.7484827041625977,0.6743906140327454,298.2150852382183,553.6704673096538,71.0
CS-022,Farmer 22,Zone 33,20.12833022281035,75.3083746723115,0.4699341952800751,0.6360369920730591,279.9700227594003,566.8851193586364,50.0
CS-023,Farmer 23,Zone 29,20.106479038210946,74.83057443125406,0.5867881774902344,0.5640096068382263,288.37184685468674,497.5888733578846,50.0
CS-024,Farmer 24,Zone 22,19.86370423648587,75.61848645840018,0.8779006600379944,0.6869723796844482,309.47849267721176,588.9959938911101,38.0
CS-025,Farmer 25,Zone 24,20.079662591368876,74.94366053938217,0.4953896105289459,0.6555501222610474,284.10816180706024,493.44681896555704,67.0
CS-026,Farmer 26,Zone 29,20.123934583276828,74.84320805516452,0.3226890861988067,0.5791997909545898,288.37184685468674,497.5888733578846,83.0
CS-027,Farmer 27,Zone 11,19.761548337939523,75.03173620330409,0.688978910446167,0.5303731560707092,203.23452538251877,406.1683590062584,54.0
CS-028,Farmer 28,Zone 15,19.810341715337724,74.69909878439233,0.4618370831012726,0.5308557152748108,233.51527607999745,444.9110397330796,83.0
CS-029,Farmer 29,Zone 40,20.282326479547084,75.6039389808246,0.7562977075576782,0.5572654604911804,303.4275243021548,598.517885380735,33.0
CS-030,Farmer 30,Zone 10,19.74686117795032,74.95407048988679,0.1300448477268219,0.5577479004859924,185.9415919445455,376.116020167619,50.0
CS-031,Farmer 31,Zone 1,19.437941911675757,75.38660265721991,0.5656949877738953,0.6550766229629517,266.4497895464301,506.4707583280901,57.0
CS-032,Farmer 32,Zone 35,20.26802313756084,74.97870005015731,0.6372596621513367,0.5618487596511841,303.53582537174225,567.2148601233338,67.0
CS-033,Farmer 33,Zone 16,19.839782360036317,74.70861306148673,0.7856588363647461,0.7372282147407532,230.83398786187172,448.2439894781758,92.0
CS-034,Farmer 34,Zone 32,20.196259109902563,75.2676837788442,0.4970588088035583,0.6899828910827637,299.97770026884973,575.1984925365697,50.0
CS-035,Farmer 35,Zone 17,19.88800146193957,74.9563018725234,0.4453516006469726,0.6370964050292969,250.95415633171797,447.465301859503,58.0
CS-036,Farmer 36,Zone 30,20.1052887677635,74.96962374529367,0.5660231709480286,0.5704903602600098,262.33509761095047,499.246300989824,50.0
CS-037,Farmer 37,Zone 34,20.195580379436652,75.47269040998057,0.6833422780036926,0.68522047996521,279.131797067821,585.9479296980426,33.0
CS-038,Farmer 38,Zone 46,20.518663560798014,75.77889291418428,0.5429326295852661,0.6501461267471313,360.11573676764965,632.2384051443078,17.0
CS-039,Farmer 39,Zone 34,20.23565728911846,75.5315816444077,0.5092479586601257,0.4639570713043213,284.3734579477459,596.2777534892161,67.0
CS-040,Farmer 40,Zone 44,20.523966217780977,75.51532430979788,0.839222252368927,0.6189183592796326,358.58900921512395,670.7599006560321,33.0
CS-041,Farmer 41,Zone 37,20.33551816309428,75.27215568908358,0.7966676950454712,0.6558688282966614,295.0694907018915,615.6116625401502,67.0
CS-042,Farmer 42,Zone 42,20.466864086190917,75.26532836696245,0.5302916765213013,0.391886442899704,316.0286990716122,601.5201140861337,83.0
CS-043,Farmer 43,Zone 14,19.7033307812394,75.5440400202326,0.6082478761672974,0.5605385899543762,299.31971457693726,564.0928217537701,43.0
CS-044,Farmer 44,Zone 32,20.124416280093516,75.15197307852348,0.7286986112594604,0.6273868680000305,291.6405012011528,544.7859745547796,67.0
CS-045,Farmer 45,Zone 11,19.7801379205284,75.09500459124952,0.6407256126403809,0.7098830938339233,210.29934707283977,425.2477648882816,71.0
CS-046,Farmer 46,Zone 40,20.323954247326935,75.6959515187222,0.7024804353713989,0.7491064667701721,321.0105104893446,611.659672233214,33.0
CS-047,Farmer 47,Zone 46,20.495839899467647,75.78354438698818,0.665377676486969,0.6436619162559509,354.3900410973001,625.0174178786576,50.0
CS-048,Farmer 48,Zone 38,20.37680008422692,75.42477844235593,0.832647442817688,0.6863066554069519,287.96288525359705,587.377266012753,50.0
CS-049,Farmer 49,Zone 33,20.164691374245297,75.30212288575993,0.6834432482719421,0.6057916283607483,294.34126953035593,575.5767848516504,33.0
CS-050,Farmer 50,Zone 38,20.298762226403593,75.4081430220036,0.6090395450592041,0.7353679537773132,278.8664792710915,589.0472451552127,50.0
CS-051,Farmer 51,Zone 20,19.826091304005576,75.40432182293615,0.5373338460922241,0.610605001449585,316.5900643989444,608.9643871514747,38.0
CS-052,Farmer 52,Zone 17,19.949501075222376,74.97423183497366,0.5105925798416138,0.6615985035896301,267.3230256140232,461.9377466989061,50.0
CS-053,Farmer 53,Zone 45,20.52718177794623,75.73501896411128,0.7657313346862793,0.7388664484024048,350.7120082527399,631.1908499608437,33.0
CS-054,Farmer 54,Zone 36,20.307956534162788,75.08906043339861,0.7864293456077576,0.5663673281669617,300.4605460166931,605.0335036848361,67.0
CS-055,Farmer 55,Zone 11,19.75660273754977,75.0431497171979,0.6501818299293518,0.6844704151153564,203.23452538251877,406.1683590062584,77.0
CS-056,Farmer 56,Zone 17,19.80686758339469,74.92150254560904,0.4691919088363647,0.5389307737350464,235.98395112156868,432.0992353948454,50.0
CS-057,Farmer 57,Zone 21,19.84010655058655,75.48979538271956,0.7347803115844727,0.5703921914100647,296.36516597494483,596.5587831792732,31.0
CS-058,Farmer 58,Zone 32,20.18092647561742,75.19248693670338,0.5442376732826233,0.6408472061157227,291.0389853948727,561.0739149762318,17.0
CS-059,Farmer 59,Zone 8,19.78469813662959,74.66502693429001,0.6294981241226196,0.5777234435081482,223.6975029008463,461.4506345493719,67.0
CS-060,Farmer 60,Zone 5,19.571797372654636,75.32115003944635,0.575132429599762,0.6858971118927002,262.23975214734674,505.690994699796,57.0
CS-061,Farmer 61,Zone 16,19.817327983670765,74.83867814254525,0.1931675672531128,0.4277245998382568,244.4230322688818,450.3168904901793,33.0
CS-062,Farmer 62,Zone 36,20.25463461711084,75.12637267587604,0.7271602153778076,0.5108373761177063,295.177028901875,584.5899862736463,50.0
CS-063,Farmer 63,Zone 37,20.36678605662853,75.25313752375345,0.5769329071044922,0.6965632438659668,292.19674017466605,603.7860525367781,50.0
CS-064,Farmer 64,Zone 4,19.6283390347002,75.19211273329742,0.6539425849914551,0.6732601523399353,234.91917214542627,498.2297909941525,29.0
CS-065,Farmer 65,Zone 10,19.682353092993115,74.9652348002426,0.8286006450653076,0.7918450832366943,188.85145584493876,389.7954473455747,33.0
CS-066,Farmer 66,Zone 12,19.78472013859833,75.16096169484368,0.3716323971748352,0.6039637327194214,264.80169900506735,508.43151365444066,71.0
CS-067,Farmer 67,Zone 6,19.570257034593578,75.47863088128274,0.7043858766555786,0.5153053402900696,281.94950229953974,529.4270045739909,71.0
CS-068,Farmer 68,Zone 15,19.906638674823498,74.68073347665607,0.4139546453952789,0.420570969581604,252.62334687821567,451.684472507673,33.0
CS-069,Farmer 69,Zone 37,20.295956617402204,75.29314889107404,0.8342828750610352,0.5721744894981384,297.9887504093349,608.6725556295365,33.0
CS-070,Farmer 70,Zone 16,19.925756312971192,74.78550243016996,0.467575192451477,0.5077515244483948,264.21163938194513,467.6773011508709,67.0
CS-071,Farmer 71,Zone 22,19.85007793932185,75.63306052563367,0.5020939707756042,0.5873276591300964,309.47849267721176,588.9959938911101,31.0
CS-072,Farmer 72,Zone 9,19.786789195907705,74.74465902368479,0.428092747926712,0.3928063809871673,227.2539524603635,456.8704691239322,67.0
CS-073,Farmer 73,Zone 45,20.428349136454685,75.68303681289169,0.8330658078193665,0.6139222383499146,331.49712359905243,616.2909818607693,50.0
CS-074,Farmer 74,Zone 13,19.730643351785428,75.32305624895865,0.5155959725379944,0.6250970363616943,298.6162034738809,548.5602456341187,43.0
CS-075,Farmer 75,Zone 11,19.79003883237332,75.07496527794078,0.4797979891300201,0.6473423838615417,210.29934707283977,425.2477648882816,62.0
CS-076,Farmer 76,Zone 24,20.002049560669164,74.90750490281157,0.5480726957321167,0.6660388708114624,285.98214519023895,485.29058798762657,67.0
CS-077,Farmer 77,Zone 29,20.12566752100136,74.75594641920858,0.7148886322975159,0.7250199913978577,295.60796001926064,504.2068556038042,50.0
CS-078,Farmer 78,Zone 46,20.52557230796196,75.76692600519812,0.8177419304847717,0.5432698726654053,360.11573676764965,632.2384051443078,50.0
CS-079,Farmer 79,Zone 16,19.821178412278165,74.84224055418396,0.6453416347503662,0.6276395916938782,244.4230322688818,450.3168904901793,75.0
CS-080,Farmer 80,Zone 34,20.21467101194511,75.50871468294352,0.7818840146064758,0.6139557957649231,284.3734579477459,596.2777534892161,67.0
CS-081,Farmer 81,Zone 17,19.922881330700672,74.89383873702194,0.5030012726783752,0.5803458094596863,275.1044968701899,458.2419285520911,33.0
CS-082,Farmer 82,Zone 10,19.664593946969823,74.98320215598366,0.7124120593070984,0.635873019695282,188.85145584493876,389.7954473455747,67.0
CS-083,Farmer 83,Zone 46,20.541354780127456,75.87792805684555,0.821207582950592,0.7417104840278625,363.15025232732296,629.7267843354493,33.0
CS-084,Farmer 84,Zone 34,20.164659330457365,75.52420073352383,0.6338284611701965,0.456199586391449,286.029034961015,588.614156624861,50.0
CS-085,Farmer 85,Zone 44,20.407221167391665,75.5356534992068,0.4878478646278381,0.6504114866256714,306.84577210247517,606.0324623140507,33.0
CS-086,Farmer 86,Zone 26,20.079077870851872,75.1680468370209,0.7690392732620239,0.535001277923584,292.68239533901215,558.1767051632206,67.0
CS-087,Farmer 87,Zone 44,20.429487530822367,75.49802736301534,0.8314180374145508,0.7122741341590881,305.5249768292997,602.1197593592418,67.0
CS-088,Farmer 88,Zone 31,20.109633437070997,75.12096880537727,0.7192438840866089,0.5431168079376221,287.38822965323925,544.5599210405102,50.0
CS-089,Farmer 89,Zone 34,20.124100890886137,75.49167643695952,0.1405684798955917,0.5885739922523499,289.3582889242098,596.6552343200271,50.0
CS-090,Farmer 90,Zone 7,19.57185541091952,75.61649227182744,0.6260212063789368,0.586627721786499,296.8281212709844,554.4069843436281,57.0
CS-091,Farmer 91,Zone 31,20.246106295621868,75.0573132906676,0.5557634234428406,0.6091856360435486,284.8951398283243,542.9816716920584,33.0
CS-092,Farmer 92,Zone 40,20.32550063643288,75.6244181829,0.6992248296737671,0.6596412062644958,321.1092538423836,602.4059928710883,83.0
CS-093,Farmer 93,Zone 18,19.804893567322775,75.08915347535353,0.7027934789657593,0.5967512130737305,241.64377831667665,456.48245227447865,69.0
CS-094,Farmer 94,Zone 29,20.118057455782164,74.81844741207865,0.6617375016212463,0.7629642486572266,288.37184685468674,497.5888733578846,50.0
CS-095,Farmer 95,Zone 27,20.04436573668632,75.44416944811354,0.5846400260925293,0.5651828646659851,311.3487313836813,604.6118076430013,67.0
CS-096,Farmer 96,Zone 14,19.656637129541902,75.58117925108544,0.4404560923576355,0.5588524341583252,298.2150852382183,553.6704673096538,29.0
CS-097,Farmer 97,Zone 28,20.000619942584144,75.54955591399448,0.7216312289237976,0.7129092216491699,304.7461465932429,615.067116556565,17.0
CS-098,Farmer 98,Zone 45,20.414970367446344,75.68863043362605,0.8368921875953674,0.5578110814094543,331.49712359905243,616.2909818607693,50.0
CS-099,Farmer 99,Zone 33,20.2368881500428,75.4372333246118,0.6099986433982849,0.6947504878044128,281.7396086938679,581.5091266597932,67.0
CS-100,Farmer 100,Zone 6,19.513320323113263,75.5704242838838,0.6287838816642761,0.5318343639373779,281.14992962777615,536.2515982151032,57.0
CS-101,Farmer 101,Zone 29,20.222717680038425,74.84053018648811,0.6462924480438232,0.6227604746818542,286.91489881277084,520.7089043761293,33.0
CS-102,Farmer 102,Zone 17,19.912361062435014,74.90315896791095,0.6884897947311401,0.7287294864654541,264.1141768395901,456.25818962194023,33.0
CS-103,Farmer 103,Zone 39,20.394507843283375,75.57785412157658,0.7902204394340515,0.6524214148521423,297.75349391438067,591.0005304370696,50.0
CS-104,Farmer 104,Zone 39,20.374664926622703,75.48762639415911,0.8415306210517883,0.6644050478935242,292.9799991871696,587.113588438866,33.0
CS-105,Farmer 105,Zone 12,19.66565310579315,75.28753870627818,0.3039882183074951,0.4047036468982696,273.2444811433088,501.52656997653344,71.0
CS-106,Farmer 106,Zone 6,19.633735442746925,75.48187384585788,0.7367979884147644,0.6161337494850159,279.20728862658143,534.748816451927,57.0
CS-107,Farmer 107,Zone 11,19.752162150260663,75.06048951760508,0.5516692996025085,0.556688129901886,210.29934707283977,425.2477648882816,54.0
CS-108,Farmer 108,Zone 16,19.854993706305468,74.7426187668896,0.4243070483207702,0.4480446875095367,224.69559090584517,444.3779522024095,92.0
CS-109,Farmer 109,Zone 20,19.82253054726091,75.42763712187168,0.72926265001297,0.6626246571540833,316.5900643989444,608.9643871514747,46.0
CS-110,Farmer 110,Zone 40,20.255855951283603,75.61630426239448,0.8192301988601685,0.6866480708122253,303.4275243021548,598.517885380735,33.0
CS-111,Farmer 111,Zone 33,20.23473820818613,75.43394170664438,0.6245852112770081,0.6576864123344421,281.7396086938679,581.5091266597932,67.0
CS-112,Farmer 112,Zone 19,19.907377709360745,75.1633448643899,0.5573037266731262,0.560041606426239,311.41000092215836,554.3661916906635,33.0
CS-113,Farmer 113,Zone 14,19.753096951526867,75.52824807260848,0.5144437551498413,0.6287833452224731,304.5762914419174,591.1127586901188,29.0
CS-114,Farmer 114,Zone 37,20.28786138613844,75.29707167879997,0.5852034687995911,0.5888408422470093,297.9887504093349,608.6725556295365,50.0
CS-115,Farmer 115,Zone 50,20.59190494085256,75.85306883159791,0.6466297507286072,0.4611055850982666,392.0347077026963,676.7301838887855,67.0
CS-116,Farmer 116,Zone 31,20.159218404193552,75.14181042373664,0.6070886254310608,0.548863410949707,291.80465373396873,548.2093362703298,50.0
CS-117,Farmer 117,Zone 43,20.514525361275386,75.44603400514121,0.6520702838897705,0.5655490159988403,315.81008944660425,590.2064555149525,67.0
CS-118,Farmer 118,Zone 12,19.690290675046807,75.26775779621177,0.6238095164299011,0.4723762273788452,273.2444811433088,501.52656997653344,57.0
CS-119,Farmer 119,Zone 22,19.899690709353457,75.60640459041602,0.7660890817642212,0.634139358997345,309.47849267721176,588.9959938911101,17.0
CS-120,Farmer 120,Zone 26,20.071907358035187,75.2619737499446,0.855577290058136,0.570565402507782,301.9518552501686,585.0902948175867,33.0
CS-121,Farmer 121,Zone 34,20.207075202071177,75.48449369789056,0.7090432643890381,0.5601363182067871,275.62068792432547,592.7080162143335,50.0
CS-122,Farmer 122,Zone 49,20.600781980559717,75.74916592493452,0.5232656002044678,0.581494927406311,378.9432220775634,599.604016041973,67.0
CS-123,Farmer 123,Zone 18,19.808457256601223,75.03351168184578,0.4822826087474823,0.5471786856651306,229.14204677939415,428.727779023846,60.0
CS-124,Farmer 124,Zone 10,19.657118781287764,74.99555527084357,0.7378263473510742,0.6308656930923462,188.85145584493876,389.7954473455747,67.0
CS-125,Farmer 125,Zone 13,19.672657885925315,75.40320818389881,0.371159553527832,0.5374253988265991,279.1447043418884,540.2328175959487,29.0
CS-126,Farmer 126,Zone 31,20.10531191342178,75.05506578169893,0.4477156102657318,0.5782566666603088,274.43325078487396,520.0832528337836,50.0
CS-127,Farmer 127,Zone 41,20.343355113674452,75.76158564125878,0.599532961845398,0.6226382255554199,336.6993709914386,623.0491613877316,50.0
CS-128,Farmer 128,Zone 11,19.751056472001142,75.10846998268423,0.3200240731239319,0.4593177139759063,247.39280190318823,461.7235305951287,71.0
CS-129,Farmer 129,Zone 32,20.141028529611557,75.27459203913448,0.8238162398338318,0.6731594800949097,303.67985599301755,567.2740805859368,67.0
CS-130,Farmer 130,Zone 23,19.961650084060796,74.74646691472697,0.4479909241199493,0.5998728275299072,280.6317417062819,472.0150414336473,33.0
CS-131,Farmer 131,Zone 10,19.66427143392045,74.95017934785587,0.7125802636146545,0.6658610701560974,188.85145584493876,389.7954473455747,67.0
CS-132,Farmer 132,Zone 36,20.2637515934036,75.09963581528537,0.6185529828071594,0.5976247787475586,291.0779513269663,575.9205461000403,33.0
CS-133,Farmer 133,Zone 9,19.686272850041465,74.82545230432821,0.5383397936820984,0.4311434924602508,232.30267521366477,443.723953033487,67.0
CS-134,Farmer 134,Zone 42,20.481879442446804,75.21409673918272,0.5664515495300293,0.5057598948478699,298.97483126446605,579.4198719930524,67.0
CS-135,Farmer 135,Zone 31,20.109989098753577,75.01728776587387,0.4920434653759002,0.65297532081604,261.3329860121012,504.0229491031418,50.0
CS-136,Farmer 136,Zone 14,19.750700718444804,75.49731504687087,0.5584719777107239,0.5821838974952698,305.5882377438247,592.2599650015434,57.0
CS-137,Farmer 137,Zone 40,20.358661933215547,75.65866676563279,0.869918704032898,0.7263128757476807,319.29925015568733,606.0743413564438,83.0
CS-138,Farmer 138,Zone 44,20.403154529009267,75.4657522537677,0.3369565308094024,0.4711559116840362,305.5249768292997,602.1197593592418,50.0
CS-139,Farmer 139,Zone 12,19.727874563391648,75.16988954193279,0.5835714340209961,0.6767270565032959,251.2242858763784,487.1936853631089,57.0
CS-140,Farmer 140,Zone 33,20.155810522342595,75.433864820392,0.6405819654464722,0.6279081702232361,277.233481887728,572.7360591787224,67.0
CS-141,Farmer 141,Zone 18,19.92604588406402,75.1460870612908,0.445980817079544,0.4752380847930908,289.04606603458524,514.2707706548274,33.0
CS-142,Farmer 142,Zone 42,20.525304515844752,75.25201524749835,0.7069832682609558,0.5425050854682922,310.56607460975647,586.0880078386515,33.0
CS-143,Farmer 143,Zone 11,19.76650828039956,75.0407784382012,0.3885135054588318,0.5346540212631226,203.23452538251877,406.1683590062584,77.0
CS-144,Farmer 144,Zone 28,20.061775367039065,75.58959277426395,0.743833601474762,0.5784313678741455,295.4492849642411,603.0282220672816,17.0
CS-145,Farmer 145,Zone 11,19.718231928736103,75.10991837306663,0.5102195143699646,0.4187077581882477,236.5099619552493,446.86697669011386,57.0
CS-146,Farmer 146,Zone 16,19.867836415389057,74.79792560566726,0.4737090468406677,0.5492361187934875,241.67245677486065,461.4650572085132,67.0
CS-147,Farmer 147,Zone 21,19.807949367299692,75.57749828861714,0.4363220632076263,0.5135252475738525,301.48608461767435,586.5034386160473,38.0
CS-148,Farmer 148,Zone 28,20.03594097452844,75.52161998597211,0.7120000123977661,0.7090857028961182,304.7461465932429,615.067116556565,17.0
CS-149,Farmer 149,Zone 31,20.200031566357666,75.00456218916827,0.4148260354995727,0.4381353855133056,280.08877198398113,533.4541175729905,58.0
CS-150,Farmer 150,Zone 30,20.11575827335534,74.8945124167228,0.5461558699607849,0.6696510314941406,284.5219465345144,490.36535951510695,50.0
CS-151,Farmer 151,Zone 16,19.88350842672187,74.80033558661611,0.7634157538414001,0.6738770008087158,249.0195675417781,453.3137052837759,58.0
CS-152,Farmer 152,Zone 48,20.55798686228206,75.53541834490986,0.4181874692440033,0.6398322582244873,364.8733928501606,607.3314943834829,33.0
CS-153,Farmer 153,Zone 16,19.902909902746657,74.83748427298599,0.3487752974033355,0.4947568476200104,268.96888330578804,462.66830359001955,50.0
CS-154,Farmer 154,Zone 20,19.826144567174538,75.41633389780867,0.4680696725845337,0.6674626469612122,316.5900643989444,608.9643871514747,46.0
CS-155,Farmer 155,Zone 29,20.162183905950183,74.7726493966787,0.7345271110534668,0.6478142738342285,290.94617461785674,519.0144173299273,67.0
CS-156,Farmer 156,Zone 27,20.02313414115219,75.426444890402,0.5032076239585876,0.5987705588340759,311.3487313836813,604.6118076430013,50.0
CS-157,Farmer 157,Zone 46,20.470381301563528,75.7730534847332,0.6985814571380615,0.6624927520751953,354.3900410973001,625.0174178786576,67.0
CS-158,Farmer 158,Zone 44,20.426976781075854,75.48012492068015,0.7261863946914673,0.6228196620941162,305.5249768292997,602.1197593592418,50.0
CS-159,Farmer 159,Zone 5,19.643121709124276,75.43169121588944,0.4229954779148102,0.5386713743209839,269.97512839362025,516.6069502234459,71.0
CS-160,Farmer 160,Zone 16,19.830267741375447,74.70928544663347,0.6718646883964539,0.6177438497543335,230.83398786187172,448.2439894781758,92.0
CS-161,Farmer 161,Zone 10,19.77818450025194,74.87066952935353,0.8059701323509216,0.7637250423431396,238.4517306163907,431.5671710572516,50.0
CS-162,Farmer 162,Zone 19,19.935190128715742,75.21162985237218,0.4118203222751617,0.3965097665786743,308.34558637440205,570.9446603897959,50.0
CS-163,Farmer 163,Zone 25,19.962600221300836,75.10604168600946,0.4246189892292022,0.5655165314674377,296.19375159731135,531.6723871385058,67.0
CS-164,Farmer 164,Zone 5,19.595033385683383,75.40211864896703,0.6970017552375793,0.4975598156452179,269.78687206702307,522.4005145890018,71.0
CS-165,Farmer 165,Zone 12,19.666349586599868,75.16109741005172,0.6443960070610046,0.5260367393493652,238.3482996188104,463.0765095147615,71.0
CS-166,Farmer 166,Zone 17,19.81262140446744,74.86893522108515,0.4849423766136169,0.6467537879943848,247.7859108746052,431.7944085984801,67.0
CS-167,Farmer 167,Zone 49,20.646900042541457,75.69709890592796,0.7979859709739685,0.5097824931144714,379.7276367582381,607.7799960204089,50.0
CS-168,Farmer 168,Zone 2,19.48493480656156,75.49623797405158,0.6312888264656067,0.704716682434082,279.7043064311147,546.1504235299925,43.0
CS-169,Farmer 169,Zone 34,20.131074487596493,75.51063543714572,0.6373395323753357,0.5097737312316895,285.6294404026121,596.4212863412996,17.0
CS-170,Farmer 170,Zone 26,19.951050514215613,75.23834476681678,0.8054724931716919,0.6787023544311523,310.4816290512681,581.4506608800963,50.0
CS-171,Farmer 171,Zone 24,20.021048390250176,74.90464386516948,0.5652052164077759,0.6066957116127014,285.98214519023895,485.29058798762657,33.0
CS-172,Farmer 172,Zone 44,20.52681809693657,75.59565770317428,0.7318044304847717,0.7768723964691162,357.0347605459392,675.8172034703816,33.0
CS-173,Farmer 173,Zone 15,19.897957616166146,74.65727235809288,0.6549111604690552,0.6294428110122681,228.63237205147743,447.41061753282946,67.0
CS-174,Farmer 174,Zone 2,19.429942224217836,75.55761183833214,0.7931873202323914,0.6246721744537354,296.7233008183539,552.1436693283418,57.0
CS-175,Farmer 175,Zone 24,19.98937554842983,74.97605342798494,0.7464330196380615,0.6001325845718384,290.82289673388004,483.2554134201258,67.0
CS-176,Farmer 176,Zone 21,19.899039940301247,75.46739551851276,0.4097180664539337,0.4868083894252777,302.4066115245223,597.6482711379726,50.0
CS-177,Farmer 177,Zone 3,19.64185060871852,75.00336962052722,0.7880159616470337,0.6451181769371033,191.00294150784612,424.5942496204128,46.0
CS-178,Farmer 178,Zone 29,20.20632222562512,74.83166171102708,0.7664299607276917,0.6703484654426575,286.91489881277084,520.7089043761293,33.0
CS-179,Farmer 179,Zone 38,20.33934011774732,75.4139110373936,0.5854341983795166,0.7506126761436462,285.2930034836754,591.7333031952381,50.0
CS-180,Farmer 180,Zone 16,19.914067409939243,74.81018981773461,0.685656726360321,0.6942033171653748,268.96888330578804,462.66830359001955,50.0
CS-181,Farmer 181,Zone 2,19.44983466400811,75.51242934878499,0.6078824400901794,0.598738431930542,289.6341641061008,544.1238875900706,57.0
CS-182,Farmer 182,Zone 36,20.27814430953471,75.07289350631642,0.6421707272529602,0.5167363286018372,291.0779513269663,575.9205461000403,42.0
CS-183,Farmer 183,Zone 6,19.505288686351378,75.59684912944762,0.3698788285255432,0.3671379089355469,281.14992962777615,536.2515982151032,57.0
CS-184,Farmer 184,Zone 37,20.388367079880663,75.29541319308649,0.7836192846298218,0.7246360182762146,292.19674017466605,603.7860525367781,50.0
CS-185,Farmer 185,Zone 11,19.657984006066645,75.05949389938603,0.7018160223960876,0.6970648765563965,196.1441307067871,406.08945125291746,46.0
CS-186,Farmer 186,Zone 45,20.5215006893799,75.64598543497296,0.8336238861083984,0.6651644706726074,359.35315691679716,646.7720148006764,50.0
CS-187,Farmer 187,Zone 18,19.86385391241059,75.106557939606,0.4452027380466461,0.5468219518661499,278.03780284523964,496.1264950655401,54.0
CS-188,Farmer 188,Zone 18,19.863906996931643,75.05165324255881,0.6236961483955383,0.6693480610847473,262.00314769521356,473.35150857490174,40.0
CS-189,Farmer 189,Zone 16,19.929179205284687,74.7988375303828,0.3616241216659546,0.5734947323799133,264.21163938194513,467.6773011508709,67.0
CS-190,Farmer 190,Zone 26,20.08404489782555,75.27216828368944,0.699810802936554,0.5822937488555908,301.9518552501686,585.0902948175867,17.0
CS-191,Farmer 191,Zone 45,20.498036594889612,75.73176435795021,0.793274998664856,0.5879145264625549,331.0059680053964,615.7251726259167,33.0
CS-192,Farmer 192,Zone 40,20.34619486725598,75.6274671666173,0.7739121913909912,0.7251226902008057,321.1092538423836,602.4059928710883,33.0
CS-193,Farmer 193,Zone 25,20.05805342243888,75.11224759964567,0.4848368763923645,0.6506511569023132,273.87840781360865,515.2024540954579,67.0
CS-194,Farmer 194,Zone 40,20.375150504902216,75.60593468197371,0.5336714386940002,0.5333583354949951,309.88007098436356,604.4253496353205,67.0
CS-195,Farmer 195,Zone 47,20.5755636526938,75.34213751098974,0.4356438815593719,0.6120513677597046,332.1593193411827,591.9722042439505,67.0
CS-196,Farmer 196,Zone 7,19.525445810656223,75.61714342218109,0.3092202842235565,0.4306924939155578,293.03487499058247,544.4289650561909,71.0
CS-197,Farmer 197,Zone 45,20.51619610218162,75.65766663758451,0.883541464805603,0.6936193108558655,351.8757222369313,626.9545329905736,17.0
CS-198,Farmer 198,Zone 4,19.63514972777481,75.20002211027473,0.6437560319900513,0.6450808048248291,234.91917214542627,498.2297909941525,57.0
CS-199,Farmer 199,Zone 24,20.047202651502023,74.98642175031281,0.4742456078529358,0.6087168455123901,275.655957326293,485.1207218724458,67.0
CS-200,Farmer 200,Zone 11,19.773209387325508,75.10241673018324,0.7435204982757568,0.4760577976703644,247.39280190318823,461.7235305951287,86.0
CS-201,Farmer 201,Zone 19,19.89946104794031,75.20242175726223,0.5790895819664001,0.6043341159820557,309.5992135386914,559.193166804562,33.0
CS-202,Farmer 202,Zone 18,19.9277264428812,75.06636685256998,0.6165592074394226,0.5730196833610535,277.60412289202213,492.8491145071884,75.0
CS-203,Farmer 203,Zone 6,19.53406629094177,75.54674522321753,0.3626438677310943,0.2955716252326965,275.05128495395184,526.546635577331,71.0
CS-204,Farmer 204,Zone 9,19.79953191175442,74.83475127663904,0.5838421583175659,0.5756911039352417,240.2032427601516,446.68751618626214,67.0
CS-205,Farmer 205,Zone 34,20.167755862782688,75.52015927869317,0.6477584838867188,0.6981620192527771,286.029034961015,588.614156624861,50.0
CS-206,Farmer 206,Zone 42,20.42984740322589,75.21503996333742,0.4307951331138611,0.5292863249778748,302.26784162968397,622.3590576145177,50.0
CS-207,Farmer 207,Zone 38,20.3263702636032,75.30304751467749,0.7549691200256348,0.6857427954673767,299.25469622015953,619.4338915884495,33.0
CS-208,Farmer 208,Zone 32,20.19765287148503,75.1862470161908,0.77901691198349,0.6990190744400024,291.0389853948727,561.0739149762318,17.0
CS-209,Farmer 209,Zone 32,20.193151298801094,75.24221139093211,0.7182198166847229,0.6532604694366455,302.32851058617234,569.5136619583393,50.0
CS-210,Farmer 210,Zone 12,19.65493377419683,75.25576047723149,0.4761113226413727,0.4792937934398651,273.2444811433088,501.52656997653344,43.0
CS-211,Farmer 211,Zone 14,19.701114801980975,75.48940357344128,0.6038838624954224,0.4699150025844574,303.8425876367837,562.4459457116823,43.0
CS-212,Farmer 212,Zone 30,20.118170138542386,74.94676302489147,0.6672611236572266,0.5557114481925964,272.3932252526283,498.0063975315696,50.0
CS-213,Farmer 213,Zone 28,20.07172922007338,75.51908608305874,0.5209137201309204,0.5776117444038391,298.01083551719785,599.266287700211,33.0
CS-214,Farmer 214,Zone 29,20.18315395493505,74.80433000801874,0.4966528117656708,0.688779354095459,295.6568847745657,518.7452467250328,33.0
CS-215,Farmer 215,Zone 49,20.59584924628438,75.70460265589864,0.6898869872093201,0.6298149824142456,373.44358310103416,639.6032590777924,67.0
CS-216,Farmer 216,Zone 38,20.351506234054256,75.40918642224231,0.7555311322212219,0.6685482859611511,287.96288525359705,587.377266012753,33.0
CS-217,Farmer 217,Zone 18,19.854584640071643,75.02597155129435,0.4220502972602844,0.3877871632575989,243.21163746714592,447.9648827413718,76.0
CS-218,Farmer 218,Zone 24,20.03327506717136,74.92392650504624,0.5529165267944336,0.5917342901229858,285.98214519023895,485.29058798762657,50.0
